frame_id,stm32_ts_us,host_recv_iso,png_path,h,w
1,-1,2025-10-23 12:15:07.881623,,60,120
2,-1,2025-10-23 12:15:07.983699,,60,120
3,-1,2025-10-23 12:15:08.084337,,60,120
4,-1,2025-10-23 12:15:08.184970,,60,120
5,-1,2025-10-23 12:15:08.285661,,60,120
6,-1,2025-10-23 12:15:09.389755,,60,120
7,-1,2025-10-23 12:15:09.492632,,60,120
8,-1,2025-10-23 12:15:09.593488,,60,120
9,-1,2025-10-23 12:15:09.696701,,60,120
10,-1,2025-10-23 12:15:09.801049,,60,120
11,-1,2025-10-23 12:15:12.906647,,60,120
12,-1,2025-10-23 12:15:12.957719,,60,120
13,-1,2025-10-23 12:15:13.009134,,60,120
14,-1,2025-10-23 12:15:13.059512,,60,120
15,-1,2025-10-23 12:15:13.111957,,60,120
16,-1,2025-10-23 12:15:13.164050,,60,120
17,-1,2025-10-23 12:15:13.215073,,60,120
18,-1,2025-10-23 12:15:13.266443,,60,120
19,-1,2025-10-23 12:15:13.318164,,60,120
20,-1,2025-10-23 12:15:13.368712,,60,120
21,-1,2025-10-23 12:15:13.420970,,60,120
22,-1,2025-10-23 12:15:13.473113,,60,120
23,-1,2025-10-23 12:15:13.523939,,60,120
24,-1,2025-10-23 12:15:13.574663,,60,120
25,-1,2025-10-23 12:15:13.626587,,60,120
26,-1,2025-10-23 12:15:13.677845,,60,120
27,-1,2025-10-23 12:15:13.729821,,60,120
28,-1,2025-10-23 12:15:13.780194,,60,120
29,-1,2025-10-23 12:15:13.832583,,60,120
30,-1,2025-10-23 12:15:13.885215,,60,120
31,-1,2025-10-23 12:17:14.437270,,60,120
32,-1,2025-10-23 12:17:14.537521,,60,120
33,-1,2025-10-23 12:17:14.638079,,60,120
34,-1,2025-10-23 12:17:14.738494,,60,120
35,-1,2025-10-23 12:17:14.838883,,60,120
36,-1,2025-10-23 12:17:15.942344,,60,120
37,-1,2025-10-23 12:17:16.044460,,60,120
38,-1,2025-10-23 12:17:16.146833,,60,120
39,-1,2025-10-23 12:17:16.249035,,60,120
40,-1,2025-10-23 12:17:16.351992,,60,120
41,-1,2025-10-23 12:17:19.456214,,60,120
42,-1,2025-10-23 12:17:19.508862,,60,120
43,-1,2025-10-23 12:17:19.559696,,60,120
44,-1,2025-10-23 12:17:19.612188,,60,120
45,-1,2025-10-23 12:17:19.662453,,60,120
46,-1,2025-10-23 12:17:19.715552,,60,120
47,-1,2025-10-23 12:17:19.766240,,60,120
48,-1,2025-10-23 12:17:19.818534,,60,120
49,-1,2025-10-23 12:17:19.869010,,60,120
50,-1,2025-10-23 12:17:19.921948,,60,120
51,-1,2025-10-23 12:17:19.972862,,60,120
52,-1,2025-10-23 12:17:20.025624,,60,120
53,-1,2025-10-23 12:17:20.076377,,60,120
54,-1,2025-10-23 12:17:20.128882,,60,120
55,-1,2025-10-23 12:17:20.179468,,60,120
56,-1,2025-10-23 12:17:20.231785,,60,120
57,-1,2025-10-23 12:17:20.282257,,60,120
58,-1,2025-10-23 12:17:20.334595,,60,120
59,-1,2025-10-23 12:17:20.385644,,60,120
60,-1,2025-10-23 12:17:20.438314,,60,120
1,-1,2025-10-23 12:17:52.666893,C:\Users\28693\Desktop\Smart-Car-dx\udp\frames_png\frame_000001.png,60,120
2,-1,2025-10-23 12:17:52.771903,C:\Users\28693\Desktop\Smart-Car-dx\udp\frames_png\frame_000002.png,60,120
3,-1,2025-10-23 12:17:52.872811,C:\Users\28693\Desktop\Smart-Car-dx\udp\frames_png\frame_000003.png,60,120
4,-1,2025-10-23 12:17:52.973393,C:\Users\28693\Desktop\Smart-Car-dx\udp\frames_png\frame_000004.png,60,120
5,-1,2025-10-23 12:17:53.074287,C:\Users\28693\Desktop\Smart-Car-dx\udp\frames_png\frame_000005.png,60,120
6,-1,2025-10-23 12:17:54.176613,C:\Users\28693\Desktop\Smart-Car-dx\udp\frames_png\frame_000006.png,60,120
7,-1,2025-10-23 12:17:54.278847,C:\Users\28693\Desktop\Smart-Car-dx\udp\frames_png\frame_000007.png,60,120
8,-1,2025-10-23 12:17:54.380470,C:\Users\28693\Desktop\Smart-Car-dx\udp\frames_png\frame_000008.png,60,120
9,-1,2025-10-23 12:17:54.485420,C:\Users\28693\Desktop\Smart-Car-dx\udp\frames_png\frame_000009.png,60,120
10,-1,2025-10-23 12:17:54.586282,C:\Users\28693\Desktop\Smart-Car-dx\udp\frames_png\frame_000010.png,60,120
11,-1,2025-10-23 12:17:57.692453,C:\Users\28693\Desktop\Smart-Car-dx\udp\frames_png\frame_000011.png,60,120
12,-1,2025-10-23 12:17:57.743494,C:\Users\28693\Desktop\Smart-Car-dx\udp\frames_png\frame_000012.png,60,120
13,-1,2025-10-23 12:17:57.796272,C:\Users\28693\Desktop\Smart-Car-dx\udp\frames_png\frame_000013.png,60,120
14,-1,2025-10-23 12:17:57.848212,C:\Users\28693\Desktop\Smart-Car-dx\udp\frames_png\frame_000014.png,60,120
15,-1,2025-10-23 12:17:57.900430,C:\Users\28693\Desktop\Smart-Car-dx\udp\frames_png\frame_000015.png,60,120
16,-1,2025-10-23 12:17:57.951099,C:\Users\28693\Desktop\Smart-Car-dx\udp\frames_png\frame_000016.png,60,120
17,-1,2025-10-23 12:17:58.003947,C:\Users\28693\Desktop\Smart-Car-dx\udp\frames_png\frame_000017.png,60,120
18,-1,2025-10-23 12:17:58.054858,C:\Users\28693\Desktop\Smart-Car-dx\udp\frames_png\frame_000018.png,60,120
19,-1,2025-10-23 12:17:58.108086,C:\Users\28693\Desktop\Smart-Car-dx\udp\frames_png\frame_000019.png,60,120
20,-1,2025-10-23 12:17:58.158972,C:\Users\28693\Desktop\Smart-Car-dx\udp\frames_png\frame_000020.png,60,120
21,-1,2025-10-23 12:17:58.211552,C:\Users\28693\Desktop\Smart-Car-dx\udp\frames_png\frame_000021.png,60,120
22,-1,2025-10-23 12:17:58.264736,C:\Users\28693\Desktop\Smart-Car-dx\udp\frames_png\frame_000022.png,60,120
23,-1,2025-10-23 12:17:58.315235,C:\Users\28693\Desktop\Smart-Car-dx\udp\frames_png\frame_000023.png,60,120
24,-1,2025-10-23 12:17:58.366152,C:\Users\28693\Desktop\Smart-Car-dx\udp\frames_png\frame_000024.png,60,120
25,-1,2025-10-23 12:17:58.418694,C:\Users\28693\Desktop\Smart-Car-dx\udp\frames_png\frame_000025.png,60,120
26,-1,2025-10-23 12:17:58.469613,C:\Users\28693\Desktop\Smart-Car-dx\udp\frames_png\frame_000026.png,60,120
27,-1,2025-10-23 12:17:58.523249,C:\Users\28693\Desktop\Smart-Car-dx\udp\frames_png\frame_000027.png,60,120
28,-1,2025-10-23 12:17:58.573865,C:\Users\28693\Desktop\Smart-Car-dx\udp\frames_png\frame_000028.png,60,120
29,-1,2025-10-23 12:17:58.627304,C:\Users\28693\Desktop\Smart-Car-dx\udp\frames_png\frame_000029.png,60,120
30,-1,2025-10-23 12:17:58.680754,C:\Users\28693\Desktop\Smart-Car-dx\udp\frames_png\frame_000030.png,60,120
